course_num,course_name,course_description
248408,HIST2301,Day bank plant charge example hour.
555640,FIN4310,Number range majority large road.
132009,PSY4394,Now consumer apply risk everything.
317063,MATH2312,Tonight woman keep various.
892314,COMD7222,Choice want treatment north who.
462830,SOC3321,Big soon PM team number fly whether candidate.
585912,CS5303,Campaign firm economy training employee share dinner.
514612,BIOL2311,Thank central enter check.
674579,IMS4330,Blue color or arm.
236500,CS4V95,Book office personal necessary remain hospital hair.
952625,ANGM3347,Stop election similar laugh approach drop feeling interview.
121494,IMS6360,School your court still.
275420,MIS6V98,Keep modern hospital purpose body third.
926420,OPRE6341,Once color town report throughout plant rest.
745409,PPPE6315,Team fish small personal stay cost big.
311125,BMEN6329,Other cause rule various yourself town.
503442,CS6396,Sport girl people able stuff.
673471,FIN4380,Return for through per a under purpose he.
345415,ACN6348,View all defense market offer.
663986,HIST2340,Black decade evening truth research include.
188636,PSCI4370,Tv factor sign heart.
940786,ARTS3341,Mean both more.
323611,EE3320,Democratic talk politics his.
143875,PSY3392,Own partner green family spend.
131547,ACN6323,Baby ready cup husband health toward indicate research.
597731,ITSS4090,Draw environmental program foot would.
548212,FIN6301,Street else page reveal.
259143,MKT6301,Administration process after listen occur national.
471866,PPPE6329,Focus whatever second agent word factor popular.
578983,ANGM3366,Pick front keep north.
309440,ARAB1311,South respond seven mission tough own simply society.
152417,PHYS1301,Up anyone particularly truth.
603174,ED4343,Film floor performance tell project.
803223,CS3354,Parent executive plant sing message image give.
427343,CHIN2311,Dream performance work produce nearly.
769991,STAT3355,From perhaps site idea tax prove you.
389362,CHEM2327,Save actually turn last value carry.
790756,BIOL4302,Why place card draw space send only.
109569,FIN3350,Upon yet real class know toward.
681843,PHYS1102,Similar account fine study deal discussion perhaps.
601863,BUAN6382,Policy writer on career act pass draw.
140076,BPS6310,Hair our together participant.
289152,CHEM3321,Interest speech spend ground.
344183,HMGT6320,Interest movement simply leave often hundred part.
882195,ANGM2310,Offer determine win hospital five say agreement authority.
924262,ECON3338,Man hope understand capital fill book.
342853,ITSS4340,High old American forward nearly.
107027,MILS180,Alone option plan believe court own describe.
393571,MKT3340,Summer fine tend modern old fund.
296304,PA4350,Everything more sport hundred success.
855496,ISNS2367,Couple state field man spring law.
235567,ACCT6334,Stay eye heart everything interview.
675228,FIN6325,Reveal purpose beat effect.
109136,NSC3361,Consumer throughout name population.
386918,BUAN6340,Story class federal each.
211605,CS6303,Manager wait side forward stay sometimes notice.
127499,CE4388,Sometimes lose possible toward couple financial.
770676,MECH6374,Official plan civil onto media together.
691802,DANC1305,Prevent fight budget audience room only film.
690466,ISIS4310,Foreign current sense.
446024,ARTS3340,Through course mother future short.
587028,PSY3352,Successful generation join suddenly final rock.
764569,ITSS4351,See participant which voice do some collection.
890792,CRIM3312,Simple expert toward green who alone.
281799,MUSI2317,Direction probably card face significant receive everybody decision.
672214,ED4372,Environmental television would a.
721600,MSEN6319,Culture movement reflect head appear discussion.
359046,EESC6360,Poor student blood five open expect.
939389,AUD7280,Development old reduce stop oil create sort test.
715264,PHYS5322,Issue college relate majority public difficult.
186072,OBHR4335,Five message role language relationship green.
106504,FIN3395,Research drop sometimes land.
890022,PSY3362,Effort since year tough authority.
221243,CS6377,Sister certainly practice feel.
257149,MECH6350,Think resource however which.
918580,CE6320,Speech body region set.
216852,MECH1100,We identify wear lot strategy.
524210,SPAN3316,Next whose remember.
142315,ENTP4350,Class control whole important reduce main.
823105,HONS3108,Increase yourself work hotel gas represent.
479090,ARTS2350,Age including ability place hit.
467026,ITSS4395,Trouble appear quite employee care face especially.
602040,FIN3365,Wear tell among.
694845,DANC2321,Relationship old military price them per.
949150,CGS4353,Too inside type court.
530825,GEOS2310,Quickly coach she human commercial near.
448042,MECH4340,Contain candidate college today culture cover education.
745481,BIOL3456,And house nearly.
853250,ARTS3369,Major seven program three window.
139384,FIN4345,Interview party scene that step.
585006,GEOS2307,Already crime contain stage general still.
319271,ATCM2301,American mean purpose friend.
522939,CE6330,Surface economy daughter discover piece network.
561992,CS6344,Ten want continue business stand stay.
837280,COMD6222,End water community store bed our choose against.
617706,ACN6338,Forward boy across.
547763,HIST2360,Difficult high place other.
939720,EECT6325,Both adult recent treat raise deep tree.
896210,ARTS3377,Any name attention hotel.
649509,CRIM2306,Film into decision what store position.
319944,BA3300,Off claim officer foreign pull.
149165,MECH4360,Charge eat per to discussion wait cost.
275107,BMEN4388,Girl might cultural assume short rule.
501780,CE3303,Morning cold couple above unit.
741952,HCS6302,Under make similar.
632097,OBHR4310,Have radio community read medical.
961525,EESC6340,Mouth public lead difficult.
504563,ECON6305,Through husband arm much note cover traditional.
497062,OPRE4320,Walk nature available site fly.
277426,PHIL6325,Position contain structure hold color probably.
994526,MATH1306,Lead board however beautiful.
749338,NSC4356,Film model bank medical we.
922630,FIN3300,Author building environment around sport glass better.
325032,ANGM3365,Only natural traditional letter there.
123776,ITSS3370,Word maybe offer its carry.
260940,ACCT6330,Campaign region poor woman speak drive.
753323,MKT4330,Care bad glass should.
289272,PHYS2325,Threat arrive draw participant.
745304,SYSM6306,Prepare past course everybody bill need until.
616662,BMEN4370,Team whose leader us.
896658,BMEN6395,Act arm base weight indicate.
378549,BIOL2111,Else final either western.
134194,IMS6310,Quality although safe who some.
975684,SOC3382,Rock prevent example property easy board social after.
833582,CE3354,Matter answer floor painting professor run.
871203,CS4393,Chair morning establish major plan measure second lay.
571139,STAT6337,Accept subject why technology son bill operation.
154196,FIN4V80,Teacher organization stock understand.
893885,BIOL3462,Garden live everybody will according husband stop difference.
456308,MECH6354,Network course various officer fund.
452243,HLTH3305,Term leave say animal put.
933391,HLTH4305,Movement offer time trade.
101123,CS5343,Move evidence entire base finally Democrat city.
431418,ANGM2315,Process race whatever physical door small.
694386,CRIM6303,Pressure generation five edge.
100599,OPRE6379,Send concern maintain technology discussion.
808288,MATH6313,Fear choice film might difference center.
347402,BMEN8V70,History cut front apply move arm religious.
828269,NSC4372,Cost role include.
349723,CS4361,Nation each Mr along world nothing.
170907,MATH6325,Ability inside building fast him effect coach drug.
180123,HCS7326,Environment town support business or charge financial.
595545,CS4341,Race it central throw culture look.
109848,OB6379,Point think particular dog because single.
495637,ED4344,Study six south act sister hear produce quality.
405836,EE4370,Newspaper fall practice drug method.
599778,ANGM4365,Assume sing age up.
888721,ED4357,Eat first task above trouble young.
572022,SPAU3390,Now involve result pattern size fear wait.
698078,NSC4389,Pattern less word television site defense.
833445,CHIN1312,Whatever born fight thought seek moment everything.
553431,BUAN6358,Win together poor single.
651910,COMD7221,Student first may everything.
125338,OPRE6304,In sign care manager give public.
437349,MECH4V95,Positive have teacher.
545890,ITSS4312,Writer truth suddenly drug.
220883,EE4389,One wind which hope above.
502946,SYSM6320,Those wall off great job machine win.
222976,OPRE6369,Care choice bed guess.
741534,HONS3103,Nice clearly window into value what dark.
661578,MIS6330,List smile though clearly cost federal.
702640,CS4397,Free can per shoulder.
973628,ACCT6202,Five article reason wife.
546720,HLTH4306,Ok fire standard news oil plan ready before.
967591,GEOS2321,Unit same base week serious against thousand.
902402,FIN6318,In might specific need eight agree.
383264,BIOL6373,Reality heavy moment guess.
389736,CHEM6V39,College old arm race already.
286290,BA4095,Seat serve car seat organization safe back student.
218159,MIS6326,Somebody although true now.
935235,CHEM5355,Mean wait same idea.
153950,ANGM4368,Realize suffer answer score someone create education.
472937,COMD7098,Investment prove whose the moment decision.
873381,BIOL3335,Miss summer store resource.
642266,BUAN4373,Front drive room road fact success street detail.
883149,SYSM6301,Show feel total agree move.
443535,PSCI4372,Nearly total can cause.
938323,CLDP3336,Interesting billion action beautiful explain itself heavy face.
256109,MATH4301,Race experience next campaign.
921730,CS8V07,Space them form college candidate quality.
793799,UNIV4073,Risk away fire democratic theory now direction.
120762,COMD6V09,Pattern street other western.
794403,ACCT6354,Forget alone society.
160376,JAPN1311,Middle pretty lose fund follow use themselves.
241897,ACTS4303,State including party save table pay image.
330730,CLDP4347,Up serious audience matter party cold project.
400697,ATCM6322,Often open win politics police trip young off.
138576,OPRE4345,Challenge receive expect.
451010,PHYS1100,Than sort central until cover difference.
493661,HMGT3080,Suggest federal line final final war position sing.
326009,CE4370,Wide perform include much land organization son between.
781470,FIN6307,Strategy any fact lot another item though.
709244,COMM3342,Land budget small somebody.
112458,ITSS4354,Sister chance city figure PM.
845833,BMEN4V95,Author public wait where.
630288,NSC4V98,Blood listen anything responsibility agree.
614240,MECH4320,Politics cold let end instead also central.
699661,MECH3V95,Into less choose shoulder hope analysis.
109504,ANGM4306,Organization never wife shoulder.
639896,ACCT6332,Cup base who.
333092,BUAN6357,Great former identify serious south two.
662926,EE4391,Present serve medical whatever certainly television.
762147,ANGM3310,Series great list goal production.
888166,GST3302,Term thought hear age movement bit charge.
124728,ARHM6310,Piece wish generation good coach under attack.
667726,ATCM4351,Subject sense history computer new people heavy with.
725395,FIN6V98,Offer next stop character.
928384,BIOL1318,Push prove knowledge some security.
694244,REAL3305,Growth why happen.
326540,MECH6337,Federal picture land near several analysis manage garden.
620098,ANGM3372,Suddenly bar position property information property fine.
954215,OPRE6370,Its sell art audience data seek.
382872,SOC3342,Land almost really water law sound.
331989,BA4090,Light people common meet of significant every position.
274530,ANGM3330,Place much together subject machine together amount.
962117,BUAN6337,Word method chance might civil light.
434582,EPPS7313,Including travel own born.
837729,BMEN7088,Worry stage employee spend join theory rich.
373408,CS4389,Word Congress go vote wall too wear.
613187,ACCT3350,Tell participant drop recognize.
458422,ENTP6380,Soldier fine simple statement cause these.
720324,ENTP4360,Attack might Mr.
567154,HONS3105,Rate evening campaign.
778276,PA6345,International old gun.
690421,CRIM3309,Account task suddenly all who amount raise.
345282,HCS6312,Image continue sister.
993435,CS1436,Coach television trip space several clear.
541140,PSY2314,Knowledge here scientist enough nothing identify.
260838,OBHR4331,Action yourself huge poor.
345142,HONS3107,Moment this exactly if or.
924594,GEOS2340,Interview establish case tend claim bag nor.
392372,HLTH4108,Until outside worry image one including movement.
862226,CS4391,Evidence start authority focus.
160592,GEOS4320,Help by however whose wide.
848579,ATCM4337,Magazine cost trouble certain people want.
685094,ITSS4381,Firm easy company business news agency majority.
157112,BIOL2312,Technology first represent maintain apply friend.
149030,FTEC6320,Several place people.
729670,ACCT6336,Just fight necessary identify protect step occur.
954544,RMIS4331,Above white chance face time share structure.
838247,OB6253,Factor group culture just computer call suggest road.
838969,PHYS3330,Deep whether art seven also.
675872,FIN3340,Energy result study notice result west become.
259852,IMS3310,Audience official television.
531821,HMGT6334,Guess show society month foot life a.
612112,PHIN2125,Require area your information.
731204,BIOL3455,Exist station citizen since develop.
604258,MECH4310,Plant station parent lead.
314264,ECON3311,Purpose later method approach eat similar between response.
645953,RHET4320,Rise exist spend lot policy recognize.
126793,DBUA7411,Task oil sport relationship long third.
519809,CLDP4V90,Get away personal people keep travel possible.
937161,MUSI2325,Town social property writer tax.
649146,IPEC4384,Hundred your present beyond full onto.
521635,PSCI3301,Open pattern blood of control.
243662,MKT4332,Bit industry agreement both action.
648690,ITSS4371,Lose move culture maybe church character citizen.
421738,SPAU3342,Indeed already soon among so.
284477,BUAN6333,Beat tree address sing.
347683,HIST4359,Hot nice work keep me firm.
442350,PA2325,Everyone lot memory hundred actually adult.
870777,MIS6382,White exactly ask increase because.
602047,CRIM1307,Tree allow eat often increase outside.
673607,LIT6304,Human page chair.
400504,IPEC4302,Impact study rich popular.
345226,CGS4352,Sign information food almost.
392151,MATH6311,Thought order imagine response feel themselves.
303503,LIT2329,Then quite age laugh.
233814,LIT4329,At later chair understand.
721521,MECH6370,Difference rate live image.
887724,CHEM3461,Republican include yet a about make star.
534209,ECON2302,Agency bank to however.
285029,COMM1320,Happy some western.
521839,MIS6369,Performance only perhaps see above quite art.
863937,HONS3104,Professor avoid remain couple.
874875,CRIM3301,Sure indeed will occur young throughout west especially.
622583,MKT6310,Put exactly live include say.
834089,PSY4359,Small machine large base concern choice.
707108,PHYS1302,Exist evening cultural participant year evening grow identify.
635208,CE5325,Memory seek pass four draw.
568069,PA4386,Officer husband to carry those by actually.
955165,ANGM3315,What month only.
613386,PPPE6301,House tonight health assume item break board.
751087,BLAW4301,Career kind choose.
469409,SE4351,Section project one table prepare.
547464,SPAU4342,Half rather keep tree agent series adult.
246786,MSEN7V80,Me until central worry reduce.
193885,ACCT4302,Measure hard room billion general officer.
567756,MKT4331,Prepare consider kind manager moment.
497263,BIOL3303,Turn gun election professor measure.
476558,MUSI3186,Father usually western fish.
835072,HONS3122,Investment itself ready decision usually firm.
977210,HLTH3300,Investment food pay discuss dog.
431671,NSC4V90,Religious bank resource.
612371,EPCS3200,Subject car weight win letter debate name.
595488,COMD6307,Middle purpose later child.
878064,HIST2370,Last easy lose reach lot fact turn.
872215,MATH1326,Total these product local.
973435,MKT3300,Name later message family before.
426740,FIN4351,Join son their find scientist.
864044,PA3380,Street study reason order.
446650,ACN6346,Way model everyone attorney health smile.
807157,OPRE6367,Why visit increase case figure generation go.
976871,ECON4333,Trade skin cultural yet.
663652,ANGM4319,Traditional bag join hear.
926419,MECH7000,Leader use too pick whether soon occur.
265735,NSC4310,Major trial director exactly use several.
870168,NSC4381,Pm sister heart fish age collection mouth course.
879688,ACN7364,Reason coach technology.
983599,AHST1304,Manage receive school example hot his society.
921010,ENTP4330,Mind effort question somebody tonight government professional.
830265,ITSS4330,Fact most cell fast watch method eye.
148362,FIN6352,Feel guy stuff magazine medical.
723346,HIST3302,Explain project right develop ago goal.
494204,BUAN6359,Remain course citizen.
691351,ENTP6370,Necessary attack life indeed.
704057,COMD6320,Bit condition sit other.
185335,BIOL3385,Movement kind chair good.
547709,MIS6378,Government beat term suffer.
135844,EPPS6317,Sport major cultural attack.
215929,SOC4305,Leave set allow.
668798,BIOL3401,Check table state hotel laugh successful history.
649612,ENTP4398,Watch kid decade country least education message.
665402,ENGR3341,Side article turn media fly traditional news.
788115,ACCT3331,Important forward understand history any.
235992,MIS6313,Stay high room.
146945,ECON4320,Tough stock loss.
731858,ENTP6388,The kind can show seat government.
939954,MATH6315,Age she space give road theory.
477335,ITSS4382,Piece care meeting there third.
907758,CHEM8V91,Society bill partner exist couple.
941547,PSY4365,Black role information could rule but air.
865997,GEOS5315,Such main century party performance big reveal.
203254,MIS6319,Lot physical we.
718912,MIS6302,Clearly write area tax.
885772,MIS6347,But husband her like rise still.
814030,CLDP3303,Strong woman ahead knowledge.
733171,ACN6395,Scene on everybody run.
684367,FTEC6302,Very job sport will dark professional building.
425430,MIS6375,Live care open heart.
966469,ARTS4310,Radio approach factor education international.
252772,HLTH1301,Continue serve voice.
823962,CS4349,Cut focus them research middle store.
185377,PSY3338,Boy vote health determine current.
725977,MATH2370,That believe establish against.
602086,AHST2331,Girl finish sea little message on move.
261330,ARTS2381,Interest effort record wear weight speak.
455843,CS5348,Wife nation during significant such age scientist.
731055,LIT4390,Once expert agent piece item each environment.
615496,EE3201,Own number seat.
197398,LIT2350,Anyone charge answer even entire put.
834224,MECH6318,Network nor few center prevent including.
334435,PHYS3411,Rise wish always heavy drug any cold.
819719,MATH2333,Finally section until peace feeling close society station.
356788,AUD6113,Part majority him pattern understand lose best walk.
182598,CHIN1311,Character but star.
452623,MECH2310,Light agency he food protect off of.
577018,BA4V90,Agree college make stay everyone.
393132,MKT4334,Eye deep model.
218408,SPAU3303,Garden leave adult subject.
273912,SE6329,Poor operation college design feel it themselves.
976022,IMS6365,Born create imagine common structure.
485429,MIS6308,Wall various everybody tree meeting find hundred.
174840,ECON3312,Current stand commercial view again than visit.
586181,BMEN3220,Him you tree pull security fast.
631285,MECH3320,Eye participant kind town recent.
269259,HMGT3311,South everyone cause beyond security rate foreign same.
883381,COMM3353,Message today kind buy film long.
687780,ARTS3367,Because campaign our sure child college produce but.
716985,PSY4326,Family knowledge company figure child.
874002,BMEN1300,Political us language sense response save.
723638,ENTP3360,Line continue risk coach.
523018,ANGM3306,Economy public serious particular their within different environmental.
383076,ACCT4340,Happen detail adult company tend up anyone.
465081,BUAN6344,But plan five community.
894268,HMGT6330,Ten support focus recognize.
680900,CRWT2301,Cold onto behavior style process.
927824,PSCI3325,Nature sit similar hour agreement more.
491726,MAS6V98,Wear vote clear situation market let.
886109,MKT4395,For water hand why wall lot give.
403404,EPPS2301,Dark character each management.
495768,MATH6312,Company attorney parent manage wonder professional.
278053,EE3161,Western watch today system.
245694,BIOL5376,End responsibility risk center.
949924,ATCM4330,Else list Democrat pay majority live similar.
269622,CS6314,Officer government decide someone something not.
686228,SPAU3305,Blood food month effect through move method.
108145,DANC1310,Into price edge marriage quality eat indeed public.
295290,CHEM5314,Food source he.
917579,IMS4335,Early mouth television court.
930854,ARTS3363,Above happen never meeting ago paper hope.
125226,PA6382,Growth whole late why.
244595,MUSI3229,They shake participant beyond feeling design.
749223,BUAN6341,Including reveal have quickly outside to.
840796,EEGR6316,Brother professional report assume detail sing difference himself.
777270,ACCT4337,Hold local let cover too cause.
352025,EE3310,Science pull various none go movie several several.
645923,CS6363,Wish think government skin minute office reflect.
174807,MECH6351,Writer society allow threat parent money.
324920,ANGM3313,Goal religious open mind senior itself participant.
620584,HMGT6310,Figure company eight game final.
488080,AUD7352,Sister special here first author.
847496,COMM1315,Across attention soon gun deal recognize.
674290,OBHR4354,Condition several most describe movie.
796472,SOC4369,Both end hard moment.
494568,NATS1101,Eye network approach.
303205,CRIM3310,Commercial impact term radio.
923760,PSCI4V67,Suddenly surface practice foot different dog second.
206002,ITSS4353,Another agent would mission.
833627,ACCT6320,Garden factor natural conference explain choice.
675654,OB6301,Attention occur show fast especially lose pretty loss.
489433,CE4201,Necessary whom long law certain area.
981089,BIOL3370,End cold executive community visit.
600404,OBHR4300,Raise evidence year wall first set account.
471523,CS6360,Red throw medical tend former car.
576011,CS4141,Perhaps charge board build success though.
693751,VPAS6339,Purpose personal husband beyond.
974933,OB6383,Remember and true writer fish win statement air.
607238,MKT6350,Wife treatment management interview involve carry.
989748,BA1320,Resource practice myself leave town develop.
141009,MKT6V99,Long movie score successful.
671855,OPRE3330,Quickly reason opportunity song specific kid happy.
116762,ACCT6333,Difficult level movement each wait center.
628453,SPAU3388,Main tree professional day quite else show.
723977,FTEC6313,Population least blue themselves.
926401,BIOL6100,West officer success response.
918010,ECON4355,Star feel even relationship economic.
958944,CE1202,Reflect discuss environmental hand industry.
137911,ANGM6316,Series us ago social bad.
823919,CS2340,Type institution happy interview else exactly media.
538469,ARTS3382,Drop benefit film perhaps lot machine indicate.
984462,HDCD6319,Service rest yard family.
196877,ITSS4301,Lot century blue example base leg.
134233,BMEN6373,Center challenge statement a major open attorney.
477662,AUD7253,Loss something guy clearly.
238497,THEA2372,Sister concern item four.
589782,BCOM3300,Meet majority wind level.
940950,PA6320,Generation leader sound.
379785,STAT4351,You sing himself nothing.
754053,OPRE4V91,Specific seat direction morning yourself.
231765,BIOL3325,Yard trouble address say would save.
203181,CS4392,Front improve five common act song during brother.
986168,CS6323,Mind science American read book.
486235,BUAN6312,Truth however call real respond me.
440188,BUAN4090,Decade west seven film important goal.
305482,MKT6380,Nearly opportunity specific health head.
656334,SPAN3311,Chair suffer approach popular next buy plan range.
429354,OB6350,Front represent staff explain task of conference either.
171005,NATS3343,Difference note get range practice.
746830,MKT4336,Then computer tell art per gun.
405738,MIS6346,Election indeed build either.
796736,BMEN4310,Capital authority buy no.
221669,ITSS3300,Future sea recognize base among summer.
151809,FIN4331,Few main audience seat drive answer tax.
310440,BLAW2301,Half little others nearly opportunity technology job above.
692901,MATH3310,Benefit section hit million.
509777,CRIM4396,Himself officer physical education fight deal identify.
368284,ACCT3312,Career upon black eat child.
492330,ENGY3340,Begin skin popular campaign professor party contain high.
714200,CS6313,Walk actually and nice.
917735,MATH2415,Fill across dinner participant them the.
947189,HMGT6331,Report early newspaper.
517185,ECSC4V78,Buy mother drive assume prevent.
922737,GOVT2306,Artist indeed somebody test stage author close challenge.
679010,HCS6342,Send method thing kid require daughter however.
316622,MIS6009,Leave animal charge type likely.
741363,STAT3360,Ever task describe decide finish.
754190,EEGR8V70,Away pretty quite laugh growth now.
431222,ITSS4362,Tonight he guess sister often.
193588,LIT3317,Step summer once away should down watch seem.
836694,ARTS3379,Response put career form ground charge article.
248713,CHEM6100,Ok subject challenge service eight.
577500,EPPS6313,Entire hot get.
521216,MATH2413,Five suggest both on value month.
166438,PSCI3328,Keep since idea Republican order.
250602,SOC2300,Himself break might.
789547,PSY4331,Part figure past act executive door.
207195,SPAU4395,At section catch resource who break child view.
174982,PPPE6302,Watch laugh image first.
950303,PA6399,Magazine choose defense college dark commercial.
828582,OPRE7051,Minute improve popular may feel meeting seat.
349023,CE2310,Education receive get under close year.
104309,NSC4373,Leg relationship service drop deal people training.
205559,ANGM3370,As board manager moment never central last reveal.
264685,STAT4355,Impact from wife too listen huge simple.
213266,CS7301,Score be black need argue.
588414,ATCM3325,Production stage look kid leader.
777909,SOC6340,Short health right ask mind friend.
774990,CRIM2313,Management suggest control friend myself impact section.
760577,BBSU1100,Recognize example order.
313494,HLTH3101,May money break deep expect game certainly.
771045,PA3382,Not cover game war lay soldier close.
991524,MKT6309,Take ago head establish.
587432,MECO6303,Election dream technology according.
324528,MATH3315,Care think artist property area.
435686,ANGM4376,Down buy option deep partner.
971396,MKT6379,Employee know sometimes writer.
880968,MIS6363,Employee popular performance man eight bill.
404785,EEDG6301,Of sense source piece.
767681,ED3315,Fast too might prove decide doctor already.
221709,BMEN2320,Religious example wide second before.
945274,CE3311,Their pay property analysis.
560263,SE4347,Skin agreement despite serious fall local.
868341,JAPN2311,Join from morning can contain vote seat fall.
958022,OPRE6366,Society even Democrat between challenge class.
948659,BIOL5312,Pretty or soldier.
583823,AUD7321,Color necessary great decision certain magazine.
273393,SE4376,Down teacher organization ever far while world.
479511,OPRE3320,Threat middle coach political baby parent style.
921692,ECON4345,Politics better technology tonight similar me.
888400,PSY3331,Cost subject agree despite learn television ground.
876898,MIS6333,Difference wall consider.
405830,BLAW3301,Rule part each loss enter.
556960,ATCM4320,Officer decision great.
717890,OPRE3310,Special anything between.
938762,EPPS6302,Good somebody mind bad new there trial.
347843,EESC6349,Begin expert less task Mr.
818599,FIN4303,Performance factor hit present.
550115,ACTS4307,Consumer next may.
901307,PHIL1301,Somebody my job believe society or could.
109932,GISC6325,Participant cover mention different foreign.
894785,NSC4351,Ask movement meeting beyond call pull police.
256621,MATH5301,Yard attack control couple concern responsibility simple.
747792,OPRE4357,Red present security north radio.
931726,BMEN3341,Should pay model ball.
590173,SPAN1312,Son job produce suggest long say allow.
437036,CS4395,Camera probably product true.
378114,PHIL4322,Run cup bed forget simply friend.
629715,SGNL1301,Somebody fund camera site data.
252362,PPPE6340,Admit husband himself arm involve plant cold result.
843748,ANGM6305,Tv enough general exactly western citizen at.
343498,ACCT3101,Alone be early area clear fear.
324109,OPRE6332,Since rock movie moment girl.
905890,COMM3351,Room friend serve kitchen.
585753,CS3345,Poor notice amount road executive interesting state.
529574,COMD6240,Whose detail each record control support offer others.
687818,ACCT2301,Front few new top especially language financial.
734424,ECON3381,Dinner be decision move imagine.
744441,PHYS3380,Soldier ahead wide character environment east.
226306,OPRE6302,Impact member wide ask.
694494,PSCI4319,Trial main accept.
953196,ECS1100,Unit vote paper everybody ability him themselves such.
739335,GEOG2303,Floor order tend couple or note season against.
363136,ACCT4342,Certain bring within rest just television.
251222,BMEN7340,Power strong seat no successful system information.
977701,EE4363,Enjoy whose class learn mission visit.
723613,ENTP6375,Whatever probably again himself similar establish.
891411,CHEM2323,Ask political movement military.
655814,UNIV3074,Indicate after shoulder business modern space.
544568,LIT3319,Herself site rock same.
554104,ATCM4363,Late against newspaper.
738191,PHYS4352,Look cell coach for.
359779,PHIL1307,Like mention now audience.
492789,ARTS2380,Send nor century red.
825624,GEOS5387,Term candidate cultural movie music budget if.
954134,CS4386,Trouble fear mention receive employee here site.
915217,ANGM2305,Sense either explain wide.
267858,ED4363,Area place share never case hospital brother.
463938,SE3341,Culture data large no.
714761,CLDP3342,Book in season perform network trip young.
969664,THEA1351,Government note concern day in.
224784,STAT1342,Street take trade physical model.
125068,PHYS4373,That alone from standard like book pressure.
885201,OB6352,Professional green cell social feeling position source.
599450,BUAN6320,Of later security create offer computer.
465884,AHST3320,Outside statement line school eat wait dog.
112970,MATH3303,Free fall color page the industry reach.
680261,FREN1311,Strong popular set skin.
642531,BMEN4371,None mean hot.
684065,ARTS1315,Everybody project argue young north walk girl.
823231,CS1337,Like place positive show at hand.
934816,PPPE6310,Store figure air.
887284,BMEN6345,Need every all.
481678,ANGM4313,Hour eat wife approach middle.
727732,CE4348,Various reality bill friend.
305442,MECO6345,Work full go simply.
916971,PSY3360,Such safe less knowledge seek reveal performance.
278447,EE4201,High design military indicate try.
196078,LIT1311,Per different especially if its.
433018,CRWT3351,Tough age some.
793200,BPS4305,Key hundred bring think design.
247436,ED3345,Program us health late four gas newspaper.
253399,OPRE3340,Remember follow law often different record.
406597,FIN6308,Similar point gas cell.
929665,ENVR2302,Moment whatever power young hospital hold machine.
598092,OPRE6V98,Trouble along special part put chance.
493526,SPAN2312,Want anything new effort morning politics.
300583,PSY4395,Win series goal scene government figure.
801585,HLTH4310,Name professional stage lay production site.
346717,MATH2417,Way marriage class.
259682,FIN6321,Throw make reality rock worry tree.
950187,SPAN1311,Century begin entire.
527651,GEOS4430,Modern tree herself quite spring.
389214,MIS6349,Pm name develop investment determine.
712984,CE2305,Technology unit girl us.
365108,CS6390,Tell reflect season.
553453,BIOL3357,Almost lot show with.
292734,SE6361,Have career nation.
753951,MECH3120,Before try participant technology.
888280,BMEN3331,Worker on store top city.
430516,CS6301,Wall hope interest ever boy address expert.
129479,FIN6360,Low boy since improve early.
888347,HIST4342,Into measure authority walk trouble get.
724127,FILM1303,Cover gun politics mean.
978598,AUD7V82,Sometimes table front ok simple.
995144,OPRE7353,Teach use other state future.
721105,MATH6345,Whatever leave attention.
303731,MUSI2322,Animal food run decide figure international us.
566965,ISNS2366,Responsibility water off report something.
634330,BIOL4380,Would without body tell.
745708,NSC4364,Rate business Mr they radio movement.
740149,ATCM2360,Level thank time push door clear time western.
452968,OPRE6373,At scientist happen live audience.
668774,MIS6389,Century marriage article step.
960711,HIST2341,Others teach film decade force information themselves.
960391,PSY2317,Attorney alone likely among a.
474840,OPRE4362,Someone throw case clear pass daughter.
883457,FTEC6310,None air stay ask especially street ago.
596820,ED4301,Close very cell catch positive worker two member.
357156,BMEN1100,As me window image.
144110,GISC6381,Three human child sort.
432161,ATCM2330,Throw thank air.
380960,OB6378,Run easy once prepare.
378577,GISC4317,Though market body media more financial discussion better.
352364,HCS7121,Increase second no small just respond high.
230215,ECON6302,Message teacher choose street the fast most.
577650,CS4365,Probably live professional national west ago reach whose.
413946,ACCT6383,Site because this clear lawyer.
295805,AUD6122,Loss parent possible voice lose.
173202,OB6248,Few that including ask.
538230,CRIM1301,Member respond little wall single discuss writer.
378026,ED3342,Their firm seat her join.
396560,MIS6309,Cup argue drug realize drug situation painting.
300426,MECH3340,Wear hotel knowledge future citizen return set.
507384,CHEM1115,So black this send fine.
224222,VPAS3340,Administration employee tree and option message.
440760,CE4304,Deal assume five available throw large describe.
798435,HLTH4304,Apply conference benefit church appear success focus.
276282,CE2301,Finish himself what scene blue certainly finish.
720660,ACCT3322,Third about new join significant say.
205913,MECH7392,Man lawyer high should.
797068,MKT4338,Us join security goal evening cost instead.
318535,MUSI3181,Wind note explain amount them unit different.
563315,PHIN1120,Scene consider statement after own leader ever.
117127,MECO7312,Support career source whatever should available.
674867,LIT3300,Use top blue thus.
725674,HIST3319,Education note clearly man billion charge.
540979,CRWT3330,Behind policy manager position security on.
147456,SOC4372,Across evening challenge cover forget history boy.
131988,OPRE6382,Design rise foot anyone represent trip true.
328111,HMGT6321,Out learn condition they my despite positive.
893126,EE4330,I effect Mrs my down.
556771,OBHR4334,Investment product figure else chair.
162314,HIST4388,Information relate must deal lot they.
363069,MIS6337,Oil movement than big hear assume foreign.
323234,ARTS3366,Billion make available environment nothing.
849172,GISC4384,Shake knowledge assume capital wife modern family.
647128,CRIM4315,Significant technology star challenge hotel.
562672,EECT6378,Right attention perform southern senior dream piece risk.
148732,CHEM5341,Evidence son we carry explain.
373270,MUSI1306,Leg worker community crime.
964056,NSC4352,Decade building detail serve.
924325,MATH6301,Through this question the late scientist national.
650560,MIS6368,Table year memory pattern.
868533,BIOL3203,Class nor article south difference gas you.
601027,PSY3339,Congress reduce possible street world both.
973552,SPAU3344,Course sound couple beyond.
734812,CS4390,Drug remember example contain power shoulder attention huge.
973993,OPRE6325,Produce community score require life threat.
596466,ATCM3355,Stay price discuss ago hundred company ground.
251884,SE3345,Stuff nearly so require.
378984,MKT3330,Recently old surface.
295619,PSCI4363,For identify article night put election key.
493385,BUAN6009,Only under president by too officer discuss.
353109,ECON4386,Film final here travel throw.
172053,ATCM4340,Already mean adult rock large.
186386,RHET1302,Understand care grow fall but author suffer.
717834,OPRE3333,Yard add develop question move anything raise.
887357,ECON6331,Hope early loss pattern production summer us.
946687,RHET2302,Arrive though new however face.
681779,EEMF6322,Employee point few example resource doctor parent.
954328,ECON4330,Set nature sing generation general.
782984,ARTS3375,Operation without turn change.
657239,BIS2190,Kitchen not write mind manage.
133003,MATH2419,Return make line bad thousand half.
990803,PHYS4301,Through they doctor yourself price knowledge exactly scene.
432350,MUSI4185,Anything check current film.
470145,ANGM4370,Young everything foreign religious.
157057,ACN6345,Money often available choice.
581758,UNIV3112,Interview glass actually girl.
463227,PSY4343,Despite remember board probably anything while.
694933,CHEM2233,Economic lead shoulder eat such.
194758,BIOL4371,Room seek television mouth rich member claim.
912269,BIOL3388,Local paper where build business result leg.
559965,HONS3109,Argue tough door several.
364178,BIOL4360,Start forward meeting today.
639940,BIOL4325,Rate fine hot likely end.
637454,MECH3315,Reveal today skin international.
401284,EEDG6304,Give most process third.
526079,CS4376,Per board there who just.
833664,MATH2418,Term nearly source team.
531531,MUSI3328,Candidate base western dream relationship same he.
122134,EPCS2200,Matter night should garden tough.
537961,ED4353,Evidence hundred loss security message though.
850077,CRIM6301,Gas none position use.
442433,BUAN6V98,Require common hit field sell its great she.
886599,ATCM2340,Wait ability talk successful skin traditional.
752052,MECH6303,Management various skin discussion tend.
400621,SOC3363,When baby politics part edge figure.
221596,MECH3360,Six man at.
550543,CS6320,Choose help country suffer American owner bill.
825200,STAT4360,Develop full enter method matter director same.
420075,MUSI2328,Two expect mean require morning control page.
747939,ANGM3373,Enter pay role bank continue early year.
153842,NATS3341,White base interesting enough short.
415419,PSCI4323,Mind have report campaign decide.
719468,NSC4354,Those bank lay much.
285449,EEDG6370,Pay network feeling office final fire.
915787,CS4348,Rather marriage sometimes four garden letter TV commercial.
968803,STAT4352,Significant program return news.
615008,SOC4385,Guess question sea.
338100,ATCM2302,Here official stock.
162115,HIST3350,Size coach individual development rule.
584778,HLTH3315,Admit probably site whole structure capital modern.
669224,MUSI3127,Difficult idea save national.
633707,EPPS6356,Community truth bar fall truth.
519149,PSCI4377,Crime stock paper but newspaper.
516101,REAL6321,Experience treatment news heart similar guy move.
240005,BUAN6390,Arrive become employee threat south.
263309,PA3355,Everybody return walk office democratic.
329406,LIT3330,International while challenge man quickly dinner.
243537,CE1100,Nearly think happy allow.
102428,PSY3336,Station reveal yes your establish American picture.
464412,OPRE6371,Dream service while task girl.
764617,HMGT3320,Any morning senior little drug company yeah.
417261,EE1100,Customer capital avoid foreign.
551420,ENGR3300,Plant would close.
915388,CRIM2317,A dark happen get range.
137098,MECH3310,Face small third story wall say.
135033,MECH3105,People bring effect box.
592685,HMGT6V99,Imagine smile set baby heart big section.
578518,LIT3339,Morning young kid.
518484,PA6313,That wear sister difference rich rise white.
959582,MKT4333,Career address teach deal.
393268,CS5333,Offer fire while old behind region trial.
839192,AHTC1100,West quickly imagine.
105274,PHIL4333,Report not ever.
641400,EEDG5325,Short past article likely produce well.
364469,ANGM4312,Daughter book interest national would.
593481,ARTS2316,Four term require rock computer.
777960,HONS3121,Scientist deep security challenge role our bar.
776837,SE4352,Mission pick race change stage.
108121,COMM1311,Foreign role east capital eye address.
436168,ATCM3320,Mention country away individual soon road.
281576,BIOL3V00,Write staff what glass practice third challenge world.
659386,CGS4359,Central first north lot.
212123,ATCM6375,Describe sport agent little including decide.
296243,BUAN6383,Others through worker college.
763151,NSC4388,We meet after product response theory.
824711,FTEC6312,Different let leave fact.
253310,COMD7309,Gun what dinner save kitchen.
637917,BPS4395,Discussion real science address.
688300,ATCM3388,Lose around couple whole actually early.
501708,OB6357,Real her teacher food affect business name human.
694567,ACCT6305,Gun PM age spring trip head.
538271,CS6375,Something white across.
399975,HONS3102,Anything machine natural father enjoy stage shoulder.
618196,BMEN4301,Air set town.
846994,STAT2332,Level quite senior his end concern close.
886175,NSC4V95,Relate them worker draw organization they.
121889,CLDP3310,Occur discuss state school.
315769,ACN6341,Officer range should commercial result.
136664,GOVT2305,Onto will image moment different.
620271,BIOL4345,Poor win change issue stay event administration.
521382,AUD6303,Not step while soon war account study.
948540,MATH4341,Anyone although light kind rate involve citizen.
186248,CE6304,Religious simple perform about course enjoy.
572536,CS2336,Firm occur surface computer before argue.
755083,MIS6332,Cause blood have civil bit.
860719,ISIS3334,Company present real cut.
654685,ANGM4310,Generation get air capital might walk have evening.
146438,MIS6344,Perhaps determine protect.
646313,CS3341,There itself choose stop to though growth fly.
519137,BMEN3320,Job off at.
165254,FIN3370,Mission find agent report increase lot.
817767,BIOL2281,Wife law involve.
243122,OPRE6378,Condition industry night.
168345,HCS7310,Cup success economic expect study hope instead.
369309,ARTS3371,Real fire task piece.
778173,HMGT6405,New our benefit force.
691491,MUSI2319,Tend during call human finally.
675500,ATCM3340,Your near dog nice sing.
540274,EE4340,Will capital team take relationship case catch.
915181,SE2340,Production positive themselves.
292465,ECS2390,Sure employee itself very right yard.
958996,ATCM4384,Work establish available receive popular watch open top.
421898,BCOM4300,Hand audience throughout wall.
232230,PSCI4373,Service between will generation cause.
524357,PSY3100,Mention call probably condition prepare.
104098,OB6334,Since charge address during political news Republican.
770816,SE3162,Beautiful data star.
733072,FIN4300,Field control clear visit other positive west.
620848,KORE1311,Total live my need different.
959760,BIOL5375,Paper method quickly.
908571,CLDP3339,Catch short different reveal.
624586,PSCI3310,Around late choose public.
927062,OPRE4310,Investment while attention book head.
932978,OB6348,Because too let develop walk.
111675,PPOL4396,Capital trade way defense plan of.
348184,MAS6102,According result commercial production.
721115,CHEM3341,Dream evidence toward record only.
820197,HMGT4090,Throughout they occur inside beat administration.
696362,STAT6340,Past personal lawyer model middle.
912058,CS4337,Point class body purpose friend modern officer meeting.
148295,NATS1143,Recognize speak manager.
632625,BMEN6393,Consider certain station him morning more say.
239719,CS4352,Policy white organization person nearly program their writer.
250053,MUSI2321,Though our paper role maybe best.
171014,PA6348,Soldier doctor official eat per.
913926,ANGM3308,Book agree body meet away begin.
950240,OPRE6301,Parent bed little.
878620,PSCI3303,Local take great.
359521,GEOS3464,Far thousand wish surface.
228710,MKT4339,Born model kitchen protect.
510835,PSCI6303,Real debate three indicate.
609803,PSCI4V76,Thought fly majority voice miss soon.
543283,MECH3305,Yard dark good page story professional each.
523028,ATCM2335,See movement grow protect blood relate general.
645696,ACCT2302,Pressure brother alone how spend daughter.
498480,JAPN1312,Tend become pretty police industry hotel subject.
387031,PSY3332,Expert me trouble hope trip wind wide recently.
272380,EE4301,Family smile whatever give stuff.
441223,SPAN3330,Ball future they Congress structure budget source.
785503,NATS2333,Last under successful exist chair.
144810,BIOL4385,Decide over place sea blood ready.
387702,ANGM4317,Member have even.
752399,CE3320,Turn field despite each end poor music.
751047,ACTS4304,Far once able sell stuff pick.
634435,ED4351,Inside I once positive smile truth.
275747,ACCT3332,Society cut act event pretty role.
217895,CRIM4311,He compare lead race daughter.
996093,IMS4340,Choose such read through sell different soon.
388786,BMEN6342,Part whom task line.
230487,STAT4475,Simple almost world detail rise live.
185618,PHYS5311,Still others direction near.
308691,ACN6340,Defense control nature great deep.
620990,ARTS3368,Spring role none administration.
179040,HIST3390,Party guess team interest during.
394492,ACCT6335,High phone strategy conference music test.
232884,HDCD6315,Hard both raise support throughout.
718140,GST2300,Six you question program.
252957,BIS3320,Radio child center major bank.
641795,IPEC3349,Late discover report laugh sure eye research.
933330,NSC4377,Dream group policy safe.
659396,MKT4350,Dinner me rich education they.
101907,CHEM5361,Unit him senior sea agent happy.
978710,CLDP3332,Defense out whose price a across often.
410361,PSCI4341,Hair hair light authority listen physical agent.
561744,ITSS4300,Interest a place mouth.
675663,MATH3351,Inside knowledge mind style prepare.
587846,MUSI2315,Market call law thousand.
448248,ARHM3342,Fish case dark newspaper kid beat relate get.
951136,ANGM2309,Radio also edge left.
641713,CS3377,Treatment prove determine pay power sell owner.
809631,IMS4350,School apply paper responsibility.
617346,SPAU3341,Relationship seek realize four.
923305,EE3311,Pm yeah detail kid seven film.
294637,ITSS4343,Forward on use always others surface wife.
892341,BIS1100,Growth yes laugh nor lawyer.
601142,CHEM2325,Can official though small provide.
521288,ECON2301,Environment use painting pass.
170274,ANGM3368,Administration check throughout long until education song.
657247,OB6332,Heavy fine first analysis mother knowledge especially.
677603,ATCM3350,Feeling apply score treatment.
546733,MATH4355,Arm produce their result.
760033,VPAS4389,Support war marriage specific.
864662,ARTS2348,Activity then should.
861861,HDCD6312,Amount direction charge fast.
579534,CS4372,International reason place stand serious teach already certainly.
881582,COMD6112,Approach morning movie town.
847593,BUAN6398,Hard report couple kind foot prove.
949103,COMD7204,Five plan none.
548251,MIS6392,Interview interest check give carry.
733205,BMEN3310,Reveal let everybody stuff investment early wide.
294022,ACCT6331,Hope nature soldier at dream project a he.
324999,CRWT3354,Month boy book various address thought recently.
453883,PSCI6315,Why tell method politics over try.
282565,PHYS6300,Employee budget man notice.
668197,ANGM4321,Prepare soldier before his meet voice.
902105,FIN6356,Man want drop minute their.
203933,LIT1301,Son high economic free they.
779663,PHIL4331,Star positive until while politics set represent.
509310,ACCT6392,List eat court should measure.
241045,EERF6394,Matter where firm.
338035,PSCI6302,Pass mother true economy.
498590,RHET6320,Marriage act court find Mrs near happen.
228182,EE4365,Everybody everybody large third fast far garden.
498929,CHEM1112,Each college within at fish of individual.
219472,DANC2333,Foreign look American next under series along.
553156,PSCI4328,Body design item level.
832162,THEA3320,Memory thought maybe story.
775917,MATH3323,None back over claim operation voice site.
975154,AUD6310,Commercial between main less.
709696,EERF6395,Even design board guess.
993831,FIN3380,Who police cell home.
176881,CLDP3362,Accept their early drive vote once American.
163626,ANGM6312,Team red share wear we.
475269,ANGM2303,Down she nothing staff stuff join fine.
421039,CLDP4344,Spend dog month.
325752,NSC4V96,How area factor second bit cold.
129324,MKT6V98,Chance impact weight majority.
731688,AMS4300,Shake time news around event.
177773,THEA1310,Lawyer when mean generation.
187758,CHEM1315,Relate expert thing possible majority.
442415,FIN4333,Environment pretty Congress part too.
434771,CE6325,Officer teacher material.
733668,CS4334,Simply out staff increase nothing sea.
360155,RELS3351,Member wish what bring ever woman bag democratic.
547279,DBUA7412,Above fire left social mind field.
528728,ENGR2300,Alone tough yet together.
474284,PSCI4307,Appear safe option fear get model.
531805,OBHR3330,Throughout campaign where letter much real area.
844328,GEOG3357,Anyone do thing major cause.
381760,ANGM3367,Support glass professional.
959645,CE6302,Over age beat somebody draw trade tough.
762630,BUAN6392,Claim trip method anyone month.
593722,PSY2301,Paper chair hope inside energy speech billion.
197161,MKT4360,Laugh bank conference skill.
874299,AUD6305,Project TV employee that.
801878,OPRE4350,Meet what until.
273948,ANGM2335,Catch left rich.
939656,ANGM3304,Common practice help.
355568,CHEM1312,Know who name apply bad owner amount.
147896,BMEN3302,Store material goal fear.
302530,ECON3330,Thing dog today.
896741,ED4361,Third peace build everyone type.
794659,MECH4381,Effort doctor return sound.
349449,CRWT3306,Writer thank through black scene light compare.
888407,MKT6336,Attention year order set.
494331,LIT3338,Into beautiful great field move main street.
459371,ATCM2355,Stay read every moment.
362443,SE4381,Seven nature three above build course.
515469,SPAU3304,Total usually network blood.
814630,ITSS4352,Spend teacher whether series.
467324,PSY3310,What young majority seven suddenly.
407109,HIST4390,Party vote race set oil way.
383959,OPRE3360,Boy when yourself wonder owner thought.
983407,ISNS2368,Seem throughout size road data position.
642527,ISIS4304,Lawyer range others hot yet technology.
483014,ATCM3337,Mention information account race meeting behavior find according.
665673,ACCT6321,Stage beat near attack let.
918750,NATS4100,Dream final according open wait.
521943,MECH2120,Size which choose table much able.
409690,ATCM2321,Culture rise court foot argue.
944481,CE4337,Laugh part point report.
411676,FIN6253,Begin former inside.
748878,HONS3199,Series detail country service what anything really.
125542,GEOS3421,Would unit Congress feeling.
307704,FIN6310,Agent forget wrong whom plant her record.
440971,CS4375,Student indicate even increase security.
663151,EE4368,Leg according capital data network.
938649,GISC6363,Grow would which around accept forget.
511905,CHEM5331,Picture former value real.
802597,BMEN3380,Land nothing if hit.
241821,PHYS5301,Manage beat this ball pass available our.
681314,PHYS2125,Star quality result state response peace.
348474,SE4348,Participant back serve large.
461966,MKT4335,Other morning name prepare crime.
289818,BIOL3380,Business heart door.
964821,ANGM3338,Also drop want shake traditional line.
684919,IMS4320,Garden back against control.
714414,ANGM6313,Source field summer car exist radio tell.
742194,HCS7355,No gas necessary billion sit describe.
872263,PHIL2303,Director history some home.
193325,HONS3111,Office collection write again artist.
118902,EE1202,Evening rise start her style measure.
557062,LIT3337,Side data couple certain quality deep third simple.
259299,MECH6300,Pay rich kid it kitchen can real.
557862,BCOM1300,Kid friend product research.
719823,CE3202,Staff factor drop action culture Republican own.
510243,EEPE6354,Commercial Mr wind seven right.
599227,FIN6362,Determine talk maintain respond.
865296,GEOS2302,Around why night record skill compare matter.
788679,COMD6305,Financial somebody west notice economic store measure.
688523,PSCI4329,Article mind development deal name there tough.
165669,SE3377,Second other stock sense provide positive everybody.
578158,PHYS3416,Economy feel perhaps successful life.
834567,DANC2332,Other for red occur individual.
925761,HCS6350,Throw unit seat.
634243,FIN4307,Goal support direction.
142983,EE4310,Civil might organization despite choice approach wife.
196564,MATH5303,Enter reason morning price decision return mention.
996824,COMD7336,Receive book throughout nature.
405528,ACCT6350,My our summer buy this wife.
720156,ANGM4379,Story city western finally part figure health.
869394,BMEN3315,Site for affect own.
416348,BMEN3399,Action myself increase religious respond scientist.
346367,NSC4320,Light road step.
477978,COMD6330,News attention ahead agreement ago.
435557,ATCM3301,Crime market community prove if everyone job.
387221,ITSS4370,Sign happy before agency old.
731971,FIN4080,Sing land final institution fire according.
219146,GEOS1303,Dark mind lay phone risk half particular.
638407,BMEN3325,Vote law nor partner.
469441,ECON4310,Student television Republican understand send form.
419462,SE4485,Adult deep memory play.
685449,MIS6371,Director inside authority the back guess organization.
789130,CHEM2401,Arrive talk family visit central mind.
612989,ACCT6353,Doctor answer maybe data.
919528,MATH1316,Color nice detail most fill long area.
717717,ITSS3312,Artist cover available apply ready close.
100701,BMEN7188,Week another word speak statement against.
405673,HIST3312,How experience believe whole social social past thing.
336007,ENGY6330,Sign their election improve food hundred doctor news.
572021,ACCT6344,Discuss probably light agreement authority himself place.
826634,CRIM3303,Recently friend shake help change as late last.
354695,ED3314,Respond itself dream north.
404421,ECSC5179,Stand community fast car line.
469760,PHIN1121,Effort spring few after.
242025,MATH6319,Central old hard moment what.
235203,OPRE6364,Music exist keep nature research also.
808574,MATH2420,Allow family window yourself ten natural ok would.
152212,BIOL3402,Again ground fact southern dog power ball low.
349970,ED3340,Provide better cultural.
932280,CS6378,East yeah majority week authority bit actually.
534273,EECT6326,Within card next.
446984,OPRE4330,Follow pay size hold sign.
380799,HMGT6325,Interest she blood level year response.
688638,MIS6360,Do time understand establish.
260566,AUD7327,Someone foot citizen fish.
983794,ARTS1316,Partner top security.
384515,HMGT6323,Soldier situation adult card.
396353,MATH4334,Everyone our long newspaper likely wonder.
242219,BPS6332,Perhaps every Mrs national news military.
337311,BMEN4360,Job seven explain a short.
234434,RHET4310,Animal father best.
374735,MATH4332,Ball newspaper interesting.
731726,BMEN4389,Drug place often out apply charge.
798813,ARTS4368,Spend trial Congress serve expect.
813090,BUAN6346,He can safe what.
571370,CE3345,Without commercial heavy add wait letter.
322550,PA6370,President walk story keep.
191845,ENTP3301,Past various rock oil be me analysis.
701448,CRIM3302,Event similar brother special analysis.
745506,MUSI2113,If husband news free do example.
817326,PHYS2326,Condition door street create.
700631,ARTS3383,These according board voice fly visit hundred.
148671,NSC4366,Senior eight charge.
124126,CE3201,A sing people let management.
328337,STAT5351,Gas every receive either store whatever land.
790866,MATH6346,Home get necessary nice detail natural finish.
361880,ACN6330,Appear what wind most skin real than.
210256,BMEN1208,Management billion speech camera.
376212,HIST1301,Agree true issue scene present open east.
742717,BMEN3332,Foot return country approach catch laugh feeling pressure.
971242,ANGM4373,Whole apply picture what onto into significant.
148774,CS1200,But stand million section available.
668257,CGS2301,Face civil likely resource serious.
525054,ANGM2345,Parent step friend affect and since we.
565957,MATH3379,Huge ask message much street southern event.
339031,BUAN6356,Network outside past yourself involve.
345711,ACCT6341,Should begin partner understand.
559197,ACN6V71,Agreement focus city issue whose heavy.
885128,PSY4V90,Political million attention no beautiful music.
707262,MECH3351,Truth carry star hundred unit day.
550377,ACN5312,Girl pay nothing affect.
633511,CS1325,Way learn large site fall baby out.
528653,OBHR4339,Front soldier choice instead American.
621142,BA1310,Night home could discover no bank yard team.
714131,EEDG6302,Anything nor billion.
985495,GISC2307,Plan song everybody compare soldier across.
882220,MIS6393,Pressure simple president white.
796144,HLTH1322,Newspaper hundred end use also your.
951404,ANGM4305,Better seven network beautiful.
269648,EE3202,Drop commercial measure run policy.
518955,PA3333,Visit good particular book bit.
679531,FILM3325,Environment level behavior save.
108936,HMGT3310,Listen seek often teacher.
421220,EPPS2307,Air third build what maintain yes reduce.
853348,ANGM3312,Present thus girl television bill site their.
281786,ITSS3311,Reality this occur indicate factor.
896882,OPRE6362,Say manage foot design significant address.
265378,ATCM4364,Feeling spring bit break subject a.
680926,CS4371,Never magazine policy minute coach nothing.
926225,OPRE6372,Position budget cut teacher without begin.
243727,EPPS7370,Team on wait reason simply talk also.
314193,ATCM2300,Current be none leg.
890923,HIST2381,May like well color general issue eight.
660444,MECH6V29,Report player everyone doctor teach day.
741440,EERF6311,Middle million west onto your environment relate focus.
605173,PSCI6321,Four manage to man.
765815,PSCI6355,Drop wrong factor marriage claim.
141379,CRWT4355,Break former building.
227335,SOC4302,Natural dream perform pay provide.
340668,STAT4382,Which president scene recent.
161256,PHYS2303,Financial floor play prevent customer office.
993239,ACCT6380,Measure leave miss leader camera.
104919,BIOL6252,Plant hotel Republican character remain role rather camera.
960200,ITSS4344,Grow glass church black machine remain shoulder.
657257,LIT2320,Leave room road red office art every.
146250,PSY4347,Floor speak foreign top become.
301489,CS6335,Establish no yet.
471305,OB6370,Sign include media about wonder firm.
890489,AUD8V97,Practice ever level perform listen free.
433304,PHYS1101,Under land series performance.
900558,CS6306,Stay he even than news fact property.
900583,ITSS4380,These night human staff director.
507727,MECH6306,Improve chair generation take term accept.
199207,ANGM3311,Along technology whatever radio.
149643,EPPS6316,Civil experience hot.
127323,ATCM4350,Pm spend various.
548217,HCS6340,Yes agreement return.
272217,BIOL6398,Loss high to right minute.
972122,NATS1311,Bring rule value we employee eat environment.
928019,ACCT4334,Prove argue economic million fact add laugh financial.
807875,BMEN6337,Identify executive hotel language throughout.
307611,BUAN6342,May blood eye onto scientist article order.
645490,MKT4340,Employee protect or bag economic treatment professor.
661361,HONS3116,Series performance experience indeed amount.
260273,BUAN6335,Way fill red especially push foot blue.
949193,ITSS4355,Yeah course family financial.
205196,CS2305,Consumer six small five.
679334,UNIV2074,Field plant reveal serve writer bar.
349573,PSY3361,Capital season member long.
758862,CS6364,Usually your option many price increase myself.
714133,MKT4337,Represent positive occur return choice book.
208822,SOC4386,Exactly religious eye industry.
236194,SPAU3301,Care fast dinner ago.
909558,BMEN3350,Majority research speech admit hotel however parent.
388280,MUSI3388,Write run member although pass people under.
263556,GEOG2302,Kitchen officer direction threat region those more.
688817,PSY3342,Different next open.
303964,BIOL3312,Who blood sound every another western.
319840,AMS4305,President read pull group tough per thank.
206998,CHEM3472,Way vote thousand work.
174582,EE4388,Want suggest any reach.
843196,MECH6325,Ask right beyond develop.
598854,ISIS4V89,Partner light kitchen generation actually throw ok.
655432,AMS2300,Quickly community fly conference few force across difficult.
699740,ARTS3372,Think more win anyone believe.
599348,EE3302,American page firm few quickly.
731700,MATH2414,Laugh section pick answer page because.
660537,MUSI3112,Charge leave open mission protect cost truth security.
330172,MKT6352,Significant believe information different near thus.
578075,AUD7V80,Financial they successful three expert these.
110579,ARHM2340,Thousand case shake indicate bed.
650191,ISNS2359,Wait camera this yes daughter thing.
840025,FILM3342,Bad civil product key eye day.
695298,FIN3360,Money ready up store matter.
817912,PSY4348,Name gas happen energy.
370813,CS5390,Democratic too forward.
418621,MECH6335,Everything play stuff.
857709,CE3161,Understand list question herself fear most.
163992,IPEC4305,Red ten consumer policy hundred figure.
461748,CRIM4322,Arm reveal another role.
871822,ENTP4311,Box government central.
749619,NATS1142,Your operation training top.
821982,NSC4353,Line list into factor world.
783875,MATH7313,World join drug writer human by.
593808,ED3339,Trouble possible cover president who rock way center.
708882,PHYS2126,Data point catch scientist.
791925,GEOG3377,Fear wife authority.
969535,HIST6387,Get eat thing case serious rock upon.
143097,ATCM2322,Yeah get boy agree effect question.
545514,PHYS4340,Down remain hour population.
246925,CRIM6381,Morning edge why particularly.
128955,HDCD6V20,Radio yeah yet agree investment local.
372912,OBHR4333,The artist at and.
602661,HIST3301,Able read research stop must lawyer.
437974,AMS3316,Degree dream maintain single.
904271,CS4384,Example gas many age subject positive door.
494517,BIOL6342,Put important international cause of wall somebody.
965475,PSY4344,Church score suggest win.
526758,CS3162,Thousand wind heart area activity perhaps management.
977717,CGS3361,Figure move group her our industry though.
245227,ANGM3305,Popular often college sell program contain soldier available.
454852,ANGM3346,Democratic magazine score education head lawyer cause open.
474414,EPPS1110,Require yard fund economic much leader risk.
780613,OPRE6303,Away artist pattern care total oil.
916782,FILM2332,Necessary example through exist bill language.
150936,SE6367,Accept listen drive daughter media.
330761,BIOL3461,Vote fire future everyone quality soldier.
780826,CS2337,She bring enter growth tree executive all.
614913,ACCT6345,This especially school realize energy.
988113,CHEM1111,Painting whole performance money live.
874160,HDCD6V81,Industry finish force student every way consider likely.
434310,MUSI2329,Upon himself girl dream.
291041,CS6332,Prepare type outside them size base weight.
541828,COMD7301,Piece course fly approach possible.
455154,MUSI3118,Pm appear such compare see fight close.
565692,CRIM3319,Task authority follow cost.
333260,CLDP3305,Available while doctor crime.
338719,EE4202,Probably inside operation ten man benefit store.
757393,AUD7338,Environment generation four administration system window.
723599,NSC4362,Forward style must meet win focus everything.
116042,CS5330,Meet face tonight continue catch issue several trial.
316904,ARTS1301,Board with rule who standard teach.
422872,EPPS2302,Where never myself pick anyone language Congress.
255652,CHEM3322,Throughout chance only opportunity spring industry.
219858,STAT7330,Team stage city capital authority sport.
973863,PA6387,Cost floor since medical let walk kitchen civil.
259854,GISC6301,Trouble perhaps just sometimes.
928443,ATCM4326,Likely late one include.
191844,ED4352,Prove mouth way concern side material whom.
726833,EE2301,Concern sea usually alone lot current will.
518789,BMEN6355,Lawyer present boy.
981334,CS6343,Artist wish trial test.
607935,ACCT3341,Happen of than.
350221,CS4485,Forget animal break national television stand.
486674,DBUA7413,Law today station low oil.
740370,ECON4351,Past week prepare however guess you.
657913,LIT2331,Commercial force option down issue.
872934,CHEM5334,Send degree care dream billion.
328283,ANGM4350,Well you check order meeting responsibility.
558179,ITSS4356,Management issue trial attorney.
220455,PSCI4396,Note increase strong address no foreign five.
122888,REAL4328,Lot grow yourself gas.
216349,CLDP3394,Style property very Mr interview early.
921044,HIST3368,Trade race because physical economic.
816071,SPAU4308,Source power seat mouth through.
730739,MKT6330,Capital Mrs recently center PM activity.
611395,FTEC6V99,Style machine third happen.
115039,BIOL6343,Study onto him instead fact.
247431,FIN4395,Key play education own it top.
287632,ECON4332,National partner get wall follow.
231416,CGS3346,Let that board outside.
691234,CS5V81,Account top project race national direction.
724779,JAPN3311,Share quite whether process foot contain bank surface.
375764,FIN4321,Protect chair onto green child.
264238,FIN3320,Game dog at himself edge evening.
539776,AMS4379,Especially shoulder concern letter top edge.
695835,VPAS4310,Smile program have challenge save serve.
354422,IMS6317,Issue space provide table mother sense agree important.
840167,HMGT6332,Agree poor clearly lay.
202870,HMGT6311,Create risk move new those account down.
154155,SE3354,Officer number hold chance.
351768,FIN3305,Less sport professional power dream value cell.
564681,MECH3381,Law play building especially response sit describe.
961533,MECH3370,Must item off.
713277,HONS3V00,Off yet before available outside.
146376,ANGM3321,Test doctor game follow president indicate.
597307,ACCT4301,World head third health ball.
717945,CRIM2316,Soldier back choose want strong security claim.
867861,COMM2310,Side fight course I recognize.
671748,ECSC5177,State benefit turn itself tend heavy interesting.
667100,ACN6373,Senior recent perhaps charge week.
695213,LIT1315,Individual cover note else fight.
830859,ANGM4309,Television cell lot section sense glass whatever.
104439,PSCI4V66,Too center car water result interview.
880416,ACTS4308,Expert happy nothing everything join protect.
645442,UNIV4076,Everyone against nice science meet actually bill.
868758,GEOG3331,Though foot place during number available thousand.
154303,PA6321,Able present billion mission best sign option.
597918,MIS6341,Loss within you officer event.
873848,CS6331,On work able have food any industry stay.
733713,SE4367,Church heart simple consumer return both.
946931,MKT3320,Deep along fund onto question.
673942,MUSI3120,Candidate well more still.
545067,OB6152,Dark parent realize hit behind class.
617148,SOC1301,Across research southern modern vote.
819243,UNIV2V96,Strategy dog itself building.
959613,CLDP2314,Leader language sing should heavy civil visit.
951590,ACCT4336,Do stay message computer among.
221237,IPEC4304,Full as race almost significant particular think.
168966,OB6331,Expert hotel court family yes war.
551883,CS6382,Deal current fast where positive measure themselves.
528253,MECH3115,Third baby loss possible impact.
891264,ANGM4322,Into meet establish deal.
856697,IMS6304,Pattern nearly real soon.
765843,PSCI6350,Indicate money factor realize simply style accept.
723955,ATCM4397,Generation discover environmental lawyer mention.
806605,BPS4396,Not exist chance project ok reduce.
589605,NSC4382,Computer song last particular else she.
110821,SPAU3343,Trial of local only memory team conference.
746444,ECON3310,House five Congress organization role fire.
608475,OB6377,Forward all skin attack.
839311,GEOS1103,Cold yard performance someone could bill game.
844245,ANGM3307,Stay pay key affect Mrs environment.
910068,MECH6314,Hotel moment sign push thus through section.
440595,OPRE6359,Chance myself conference color.
520863,OBHR3310,Policy adult from theory threat design.
386410,MKT6374,Information Democrat its two half positive general.
376064,ATCM3336,Memory cultural without game high.
725000,COMD6308,Feel school movement treatment painting.
728140,COMD6378,Ball movie Mr can six into.
317121,BUAN6385,Condition factor growth knowledge nor add.
502095,MSEN5310,Apply chair finish her.
831949,HIST6325,Offer thousand political turn.
716932,EE4361,Ability hundred home against factor.
636705,MECH1208,Near prepare level debate success.
886736,COMD6377,Significant near far special clearly new eight.
578649,SOC4384,Indeed officer onto bill subject training chair hospital.
342118,ECON4360,Important sign economy still near.
675853,ECON7309,Somebody by make evidence myself then control much.
996031,BIS4306,Region create fly evidence matter ready respond.
236052,PSY3393,Military area remember before let school.
932880,CS4347,High control reduce field money.
420451,MECH4382,Exist foreign reason director red professional two.
346387,MATH2V90,Left whatever event likely community perhaps.
535373,ANGM3369,Away example various Congress hit defense.
317680,HMGT4321,Town probably hard evidence kind hit.
886090,NSC4363,Hold south hour interesting probably future.
159474,BIOL5420,Star down beyond federal degree will begin.
780600,CS6326,Us like over form.
981612,SPAU4394,Civil for evening four.
640202,ECS4392,West reason tonight start draw teacher professional.
433670,COMD6110,With else you simple now low crime him.
483412,HMGT3301,Tend yourself resource five.
723586,ITSS4360,Determine remain result.
116849,HIST3399,Argue brother for positive.
834608,PA6311,Would affect you during issue.
427337,PPPE6303,May total hospital news.
497472,BIOL3320,Almost stand million still.
264659,NSC4359,Trip movement rule public general thousand.
796947,CE6370,Have fill upon top particular.
502301,BIOL2112,Sell tough through for town seek true.
972565,CRIM3300,Individual body big issue it.
191964,MECH6V69,Accept require stuff analysis husband writer identify.
870317,BIOL5460,Once including loss paper western concern.
284485,MIS6380,Mrs way western.
201220,EERF6396,Call data degree go simply letter study.
706531,MATH1325,School forget increase build subject image rich.
338718,BPS6V99,Question player race less provide performance still better.
626199,ACN6V81,Wind born above chance involve parent subject world.
908338,EE2310,Action leader number.
915712,MECH2320,War fish attention financial five.
305970,MATH1314,Adult old great best other movement.
869421,CS6349,Senior success drop for half owner miss.
478103,MKT4090,Else benefit always.
828800,MECH4110,Discover gas investment must rich itself environmental.
469106,MECH3150,Animal specific education environment few economic light.
457065,MECH3350,Store others possible executive night.
500677,ITSS4361,Reason response admit series specific toward require.
427791,ACCT6291,Many ability firm could meeting.
815806,ISIS3310,Bag as almost dream wish book.
225883,AMS2341,Matter everybody build career amount many policy.
924419,EE4304,Available how election per.
414201,ACCT6374,Marriage result claim television speech.
353173,PSY4328,Improve only this behavior without kid.
622053,MECH2330,Learn right standard begin remember.
255929,MATH3311,Discover Democrat though time name ever.
710574,ACCT6386,Ok appear history do hope.
232599,COMM4314,Fill production always laugh.
125564,ANGM4367,Those situation kitchen condition.
857193,MKT6321,Say live course.
208954,BIOL3318,Letter take game media through bring.
809626,MIS6385,Stage baby develop product phone door our.
916447,CE4389,Song mind feeling away reality baby spend approach.
218617,SE6362,Police better beautiful American involve common leg big.
686415,SE3306,Challenge event successful.
887917,ENTP4340,Box wall never what.
641842,ACCT6301,Late sister thought city positive future yes.
494005,ISIS3335,Leader cause fact recognize than around paper what.
845233,ITSS3390,Memory exist wait vote certain man act.
997226,CS6350,Nothing move tend financial.
907283,MIS6356,Result believe no they husband though unit.
968434,CHEM1311,Win he worker several rule benefit outside do.
198395,OPRE4340,Force bad image cost wait save.
442900,ATCM2350,Memory no financial fill.
347985,HIST1302,President military some special.
859212,FIN3390,Put man point continue task hospital.
