tid,ssn,fname,lname,email,phone,room_no
397295,601-68-3747,Cheryl,Fitzpatrick,arnolddavid@example.com,(443)656-8860x283,661380
857477,550-98-4353,Thomas,Pope,ramosteresa@example.net,740.758.6223,706515
834361,670-83-5485,Jared,Hernandez,nguyengeorge@example.com,853-832-5181x696,513691
791921,479-53-7989,Sarah,Trevino,chapmanbrandon@example.com,621-920-1300x4720,646267
751371,514-57-9956,Thomas,Pace,tonyrodgers@example.com,581.691.9131x64026,968891
766906,043-18-7289,James,Shah,cooperjessica@example.com,+1-341-425-3553x88748,850877
278856,784-21-4055,Nicole,Johnson,ssmith@example.net,840-545-1547,241169
353276,880-03-8255,Richard,Riley,lewisfrank@example.net,+1-586-998-7990x105,294528
390674,365-63-1182,James,Johnson,stacy38@example.net,+1-915-701-4027x24184,380477
436780,166-76-1111,Susan,Howell,johnfernandez@example.org,822.635.1686,383930
621638,840-72-6503,David,Terry,pageangela@example.org,(824)478-4311x32828,954876
529407,407-97-8754,Tracy,Brown,wheelercraig@example.com,775.702.0350,313046
335782,185-44-5848,Kim,Erickson,cherylevans@example.org,542.535.1661,304665
116633,632-84-6288,John,Stout,gibsonmichael@example.org,001-786-566-3679x117,300278
593824,897-77-1111,Philip,White,mstone@example.org,363-788-7997x025,655984
262409,063-05-1365,Michael,Bridges,lewisjennifer@example.com,318.714.5505x68708,244645
642023,368-98-5951,Linda,Frye,david06@example.org,001-952-940-7820x5229,349051
681719,619-07-4096,Gabriel,Mitchell,hornaustin@example.org,559.964.6839,988176
715053,593-81-5685,Juan,Villegas,wrightpeter@example.com,(921)711-9691x8654,531279
282948,099-42-9684,Thomas,Dominguez,samuelwilson@example.net,001-788-887-1413x0975,910214
539549,657-85-7880,Stephanie,Murray,robinsharp@example.org,789-391-8995x43221,861417
921738,763-68-0057,Shelley,Flores,haleallen@example.org,001-822-740-3121x100,127175
872499,050-16-2269,Joseph,Matthews,jennifer96@example.com,(464)668-6025,593741
879116,695-99-7085,Robert,Rosales,rodney82@example.com,866-222-6709,562176
590375,723-01-4689,Caleb,Jordan,colinboone@example.net,4579761742,595083
136934,877-21-4818,Kellie,Anderson,hutchinsonandrew@example.com,(349)945-8342x4656,328991
797974,414-84-5321,Kevin,Taylor,kreynolds@example.com,+1-246-764-3017,954967
163999,064-25-4901,Dorothy,Booth,donna53@example.net,456-966-8784,859241
250374,357-56-6134,David,Dickerson,uhughes@example.net,274-678-3174,363819
626482,558-84-6269,Lorraine,Yoder,vschwartz@example.com,001-777-236-5016x7353,182599
792214,217-49-6034,Anthony,Herrera,burgesstimothy@example.net,(295)303-4429,490304
367744,450-17-0798,Patricia,Hansen,kendra60@example.com,(771)439-0290x139,667576
384654,172-78-3289,April,Henson,lisa95@example.com,9028229931,226357
749714,053-16-1032,Ernest,Maldonado,jenniferconrad@example.net,403-789-1741x6129,122038
696378,797-48-5612,Robert,Solomon,amandawong@example.net,709-252-8776x965,615085
515281,851-07-5041,Jesus,Brown,jason03@example.com,001-830-570-9022,885704
908150,420-17-4295,Albert,Norris,joseph78@example.com,(809)512-9221x014,201465
673151,327-82-8383,Kevin,Willis,paulroberts@example.net,+1-403-977-2019x9903,515745
162090,656-01-4669,Vernon,Fuentes,emcconnell@example.com,001-620-247-7309,232039
623356,504-05-1290,Dakota,Mccoy,larsonsarah@example.net,001-846-728-6025x7555,722937
355856,575-72-0351,Kenneth,Herman,dpark@example.org,5759993348,586340
971542,311-66-8612,Jasmine,Hernandez,monique41@example.net,335.699.9558x8767,172566
710451,126-50-4451,Donna,Forbes,jhamilton@example.net,+1-895-466-5438x386,575602
739407,767-38-9894,Lance,Thomas,chavezbrandon@example.com,(866)952-5898x7915,251996
192611,354-64-9044,Veronica,Ramos,vcarter@example.net,997.515.1405,480162
924677,674-98-9612,Alexander,Hawkins,nbailey@example.org,+1-732-506-5319x9592,329579
606761,753-80-0144,Christina,Hutchinson,urivas@example.org,432-614-6731x216,502054
493711,029-40-1499,Angela,Knight,sandra50@example.net,+1-479-343-5190,386712
500913,755-90-3991,Tina,Williams,cookbrenda@example.net,792.791.9387x1863,564149
533844,753-67-8700,Edward,Cooper,marybarnett@example.net,6999978855,103936
138523,017-28-8850,Gwendolyn,Decker,smorgan@example.net,001-999-592-6541x73432,469318
488629,444-29-2495,Bradley,Sandoval,jeremy99@example.com,265-364-5403,876420
574181,399-42-8928,Marissa,Franco,morandavid@example.org,(387)994-4631x0646,428169
112385,828-54-2979,Scott,Davis,edwin52@example.org,+1-543-279-9657x288,866403
161183,306-38-2259,Michael,Rodriguez,riosbarbara@example.org,001-788-839-5918x9762,685817
189170,634-64-4396,Kenneth,Smith,campbellchristopher@example.org,461.712.2579x1933,833495
635824,557-27-4265,John,Johnson,alee@example.com,001-425-858-1153x916,942435
185785,029-12-9264,Andrew,Hinton,igeorge@example.net,(924)806-3698x805,980770
404062,348-59-7256,Megan,Green,christine97@example.net,4199014954,734654
949490,435-16-3952,Bonnie,Smith,brentbell@example.net,+1-216-739-3393x2831,791718
776239,506-48-6131,Roberta,Brooks,marshrandy@example.com,+1-695-871-5827x85337,760741
245115,433-57-7136,Tyler,Smith,hickmanlinda@example.com,(625)782-6979,686949
313400,316-70-8215,Danny,Fletcher,wendyvaughan@example.com,921-923-5859x108,438400
775805,702-65-2293,Stephen,Decker,smithdaniel@example.net,6955672835,682080
829678,415-19-8299,Brandi,Bell,dennis83@example.org,351.590.0485x9663,648088
613835,351-47-6099,George,Mason,atkinsmelissa@example.com,847.423.6134x7303,466067
840223,250-88-3021,Jake,Gaines,jenningsgabriela@example.com,+1-548-306-6850x45433,351039
249564,109-34-8536,Raymond,White,jamesmason@example.net,4758641681,238933
209025,314-46-3191,Heather,Hernandez,walkerkenneth@example.com,365-277-4730x99694,615501
625659,188-56-4911,Travis,Washington,mendezpaul@example.net,001-649-502-0158,930059
755872,061-99-0729,James,Bennett,derek04@example.com,001-201-969-1708,933920
943733,008-50-2852,Shannon,Lawrence,kellievans@example.com,998.509.0302,601758
557706,399-87-8800,David,Hood,casey10@example.org,266.847.9699x452,899184
190901,858-39-2752,Kari,White,grhodes@example.com,+1-881-363-6061,652168
376625,604-85-3893,Michael,Allen,zacharynorris@example.org,+1-367-461-8545,412898
888199,281-18-6820,Ashley,Simon,halemichelle@example.org,(820)201-6510x854,205671
159286,473-89-8475,Javier,Russell,michael21@example.net,(621)234-8382x2605,598304
